{

    "lang": "ar",
    "AED": "نيات",
    "Off": "نيات",
    "add_to_cart": "إلكترونيا",
    "buy_now": " إلكترونيات",
    "free_shipping": "الشحن مجانا",
    "free_return": "عائد مجاني",
    "free_return_policy": "عودة 7 ايام عودة السياسة",
    "on_all_orders": "على جميع الطلبات فوق 100 درهم",
    "fragrances": "عطور",
    "special_offers": "عروض خاصة",
    "brands": "العلامات التجارية",
    "exclusive_brands": "العلامات التجارية الحصرية",
    "arabic_perfumes": "عطور عربية",
    "new_arrivals": "القادمون الجدد",
    "one_day_sale": "تنزيلات اليوم الواحد",
    "gift_set": "مجموعة هدية",
    "others": "الآخرين",
    "register": "تسجيل",
    "login": "تسجيل الدخول",
    "signout" : "خروج",
    "product_name": "اسم المنتج",
    "search_products": "البحث عن المنتجات",
    "special_offer": "عرض خاص",
    "money_back_gurantee": "ضمان استعادة الاموال",
    "24_support": "دعم 24/7",
    "free_shipping_footer": "شحن مجاني للعملاء المحليين",
    "money_back_content": "برد أو تغيير البند في غضون 24 ساعة",
    "footer_answer_all_questions": "أجب عن جميع أسئلتك بساعة",
    "sign_up_newsletter": "الاشتراك في النشرة الإخبارية",
    "sign_up_newsletter_content": "اشترك في نشرتنا الإخبارية وابقى على اطلاع دائم على العروض الحصرية والعروض الخاصة!",
    "enter_email_address": "أدخل عنوان بريدك الالكتروني",
    "information": "معلومات",
    "customer_service": "خدمة العملاء",
    "my_account": "حسابي",
    "policies": "سياسات",
    "about_us": "معلومات عنا",
    "store_locator": "فروعنا",
    "customer_service": "خدمة العملاء",
    "delivery_info": "معلومات التوصيل",
    "contact": "اتصل",
    "request_products": "طلب المنتجات",
    "feedback": "ردود الفعل",
    "report_an_issue": "بلغ عن خطأ",
    "branch_login": "تسجيل الدخول فرع",
    "return": "إرجاع",
    "site_map": "خريطة الموقع",
    "my_orders": "طلباتي",
    "my_addresses": "عناويني",
    "wish_lists": "قوائم الامنيات",
    "privacy_policy": "سياسة خاصة",
    "terms_conditions": "البنود و الظروف",
    "return_policy": "سياسة العائدات",
      "ways_can_pay": "طرق يمكنك الدفع",
    "download_apps": "تحميل تطبيقاتنا",
    "copyright": "حقوق التأليف والنشر © 2019 Vperfumes. كل الحقوق محفوظة"
}