{
    "lang" : "",
    "AED" : "AED",
    "Off" : "OFF",
    "add_to_cart" : "ADD TO CART",
    "buy_now" : "BUY NOW",
    "free_shipping" : "FREE Shipping",
    "on_all_orders" : "on all orders above AED 100",
    "free_return" : "FREE RETURN",
    "free_return_policy" : "free 7 days return policy",
    "fragrances" : "Fragrances",
    "special_offers" : "Special Offers",
    "brands" : "Brands",
    "exclusive_brands" : "Exclusive Brands",
    "arabic_perfumes" : "Arabic Perfumes",
    "new_arrivals" : "New Arrivals",
    "one_day_sale" : "one day sale",
    "gift_set" : "gift set",
    "others" : "Others",
    "register" : "Register",
    "login" : "Sign in",
    "signout" : "Sign out",
    "product_name" : "Product Name",
    "search_products" : "Search Products",
    "special_offer": "Special Offer",
    "money_back_gurantee": "Money Back Guarantee",
    "24_support": "24/7 support",
    "free_shipping_footer": "Free shipping for local customers",
    "money_back_content": "Refund or change item within 24 hours",
    "footer_answer_all_questions": "Answer all your questions with an hour",
    "sign_up_newsletter": "Sign up for Newsletter",
    "sign_up_newsletter_content": "Subscribe to our newsletter and stay updated on the exclusive deals and special offers!",
    "enter_email_address": "Enter your Email Address",
    "information": "INFORMATION",
    "customer_service": "CUSTOMER SERVICE",
    "my_account": "MY ACCOUNT",
    "policies": "Policies",
    "about_us": "About Us",
    "store_locator": "Store Locator",
    "customer_service": "Customer Service",
    "delivery_info": "Delivery Information",
    "contact": "Contact",
    "request_products": "Request Products",
    "feedback": "Feedback",
    "report_an_issue": "Report an issue",
    "branch_login": "Branch login",
    "return": "Return",
    "site_map": "Site map",
    "my_orders": "My Orders",
    "my_addresses": "My Addresses",
    "wish_lists": "Wish Lists",
    "privacy_policy": "Privacy Policy",
    "terms_conditions": "Terms & Conditions",
    "return_policy": "Return Policy",
    "ways_can_pay": "Ways you can pay",
    "download_apps": "DOWNLOAD OUR APPS",
    "copyright": "Copyright © 2019 Vperfumes. All Rights Reserved"
}